group,multi_count,multi_all,specific_count,specific_all,whole_count,whole_all,multi_proportion,specific_proportion,whole_proportion,multi_specific_fold_change,multi_whole_fold_change,specific_whole_fold_change,p_fisher,p_chi2,p_hypergeom_multi,p_hypergeom_specific
genus_habitat,15370429,24858647,26655266,52550829,50312115,96721815,0.618313177,0.507228268,0.520173396,1.2190037819422161,1.1886674361946798,0.9751138214688703,0.0,0.0,0.0,1.0
genus_cdd,2761377,24858647,4227592,52550829,8188931,96721815,0.111083158,0.080447675,0.08466477800000001,1.3808125343585131,1.312035070829572,0.9501905857474756,0.0,0.0,0.0,1.0
genus_pfam,2465115,24858647,3756398,52550829,7270730,96721815,0.09916529199999999,0.071481232,0.075171563,1.387291310256096,1.3191862460010308,0.9509078852065376,0.0,0.0,0.0,1.0
